GS,js
spring boot,Spring Boot
my bets,MyBatis
my circle,MySQL
jdk,JDK
idea,Idea
maven,Maven
查包,Jar 包
游客社区,牛客社区
没问,Maven
妹妹,Maven
微文,Maven
没文,Maven
慰问,Maven
banana,binary
windows,Windows
它盖的,target
idea,IDEA
Idea,IDEA
炸包,Jar 包
Tom cat,Tomcat
扎包,Jar 包
汤盖,Tomcat
tomcat,Tomcat
死人不,Spring
汤k,Tomcat
Local host,localhost
80 80,8080
冒号,:
in this letter,Initializer
but,Boot
事例,示例
home点,pom.
sprint,Spring
端点,断点
思政部的,Spring Boot
ctrl,controller
Ctrl,controller
阿尔法CTRL,AlphaController
mvc,MVC
c hello,sayHello
死不认不的,Spring Boot
application，点process,application.properties
spring,Spring
boot,Boot
maven,Maven
jdk,JDK
Spring，Boot,Spring Boot
Spring，cloud,Spring Cloud
cloud,Cloud
Screen cloud,Spring Cloud
Spring cloud data flow,Spring Cloud Data Flow
data flow,Data Flow
外部,Web
web,Web
死不让步的,Spring Boot
cloud,Cloud
思维框架,Spring框架
死不用,Spring
斯通贝特,Spring Boot
secret,Security
aop,AOP
死不硬,Spring
BIM,Bean
病人,Bean
Ioc,IOC
病,Bean
是不愿,Spring
Spring data access,Spring Data Access
my best,MyBatis
LC,IOC
site,set
container,Container
他们开的,Tomcat
是不用容器,Spring容器
Space 容器,Spring容器
Space容器,Spring容器
些并,些Bean
乱方法,run方法
报社,包下
币,Bean
controller,Controller
service,Service
component,Component
bean,Bean
complement,Component
repository,Repository
恐怖的,Component
computer,component
并上，Bean上
个并,个Bean
community application,CommunityApplication
并是,Bean是
赛的,set
并工厂,Bean工厂
使用容器,Spring容器
成分变量,成员变量
通用台,控制台